<?xml version='1.0' encoding='utf-8'?>
<!DOCTYPE hibernate-configuration PUBLIC
    "-//Hibernate/Hibernate Configuration DTD//EN"
    "http://www.hibernate.org/dtd/hibernate-configuration-3.0.dtd">

<hibernate-configuration>
	<session-factory>
		<property name="hibernate.connection.driver_class">com.microsoft.sqlserver.jdbc.SQLServerDriver</property>
		<property name="hibernate.connection.url">jdbc:sqlserver://127.0.0.1:1433;databaseName=RPAPER;instanceName=SQLEXPRESS;</property>
		<property name="hibernate.connection.username">sa</property>
		<property name="hibernate.connection.password">udc77</property>
		<property name="hibernate.dialect">org.hibernate.dialect.SQLServer2012Dialect</property>
	</session-factory>
</hibernate-configuration>